Date,cumulative_log_return
2019-01-01,
2019-01-02,0.025657066653892002
2019-01-03,-0.0017652551522999715
2019-01-04,0.0036870764626204533
2019-01-05,0.00043558921368713754
2019-01-06,0.058882678268593835
2019-01-07,0.04619797771120737
2019-01-08,0.04758813248189142
2019-01-09,0.048691134516268164
2019-01-10,-0.04376814797671358
2019-01-11,-0.041476377867622816
2019-01-12,-0.04857006279910969
2019-01-13,-0.07860949459000466
2019-01-14,-0.036421392997061375
2019-01-15,-0.056969956369608
2019-01-16,-0.0502906549680624
2019-01-17,-0.04386616938773358
2019-01-18,-0.04951598540746538
2019-01-19,-0.030364276348727515
2019-01-20,-0.06517323711764256
2019-01-21,-0.07213468102129816
2019-01-22,-0.0641841504648255
2019-01-23,-0.06959582230427408
2019-01-24,-0.06521439119876504
2019-01-25,-0.06551981146830954
2019-01-26,-0.06477154833834398
2019-01-27,-0.06991866014154802
2019-01-28,-0.1021042232906968
2019-01-29,-0.10856034995176778
2019-01-30,-0.09758156698081422
2019-01-31,-0.10575817383115726
2019-02-01,-0.09707579129750599
2019-02-02,-0.0876263131717323
2019-02-03,-0.10396075140618066
2019-02-04,-0.10536455271872214
2019-02-05,-0.10328431019376438
2019-02-06,-0.11857200394385714
2019-02-07,-0.12276858724469975
2019-02-08,-0.047074651150543545
2019-02-09,-0.04586905014410725
2019-02-10,-0.0407111502177564
2019-02-11,-0.052091498379738255
2019-02-12,-0.05069518786652871
2019-02-13,-0.056585731527398764
2019-02-14,-0.06077660511057026
2019-02-15,-0.05969064228798082
2019-02-16,-0.05721448494314352
2019-02-17,-0.04515222122401852
2019-02-18,0.018609160607770292
2019-02-19,0.026591115709681645
2019-02-20,0.03986088080817751
2019-02-21,0.028368990525848403
2019-02-22,0.041286441882320446
2019-02-23,0.07491733474537199
2019-02-24,-0.008647233459921466
2019-02-25,0.01014121368605636
2019-02-26,0.0028158144062455648
2019-02-27,0.0019565352479880005
2019-02-28,0.002926719137834155
2019-03-01,0.004170719878549889
2019-03-02,0.005421703882106499
2019-03-03,0.0009506973331934176
2019-03-04,-0.02155561676370432
2019-03-05,0.013658015249450983
2019-03-06,0.015598354012391624
2019-03-07,0.017528319038211393
2019-03-08,0.014878044326920303
2019-03-09,0.030691855037767724
2019-03-10,0.02773190465295272
2019-03-11,0.01592736925810634
2019-03-12,0.0169329394061819
2019-03-13,0.01630883388248172
2019-03-14,0.020816991347384572
2019-03-15,0.03008546437908244
2019-03-16,0.0520136032955385
2019-03-17,0.04619318616688872
2019-03-18,0.04799972884725712
2019-03-19,0.057546767121216647
2019-03-20,0.061539124067449436
2019-03-21,0.04721072227711076
2019-03-22,0.04587992705391031
2019-03-23,0.04882247418500896
2019-03-24,0.04543249520538595
2019-03-25,0.030630499429948443
2019-03-26,0.036168972252751175
2019-03-27,0.06143877441452972
2019-03-28,0.05703499027449688
2019-03-29,0.06420181607700215
2019-03-30,0.06622146564168041
2019-03-31,0.06591560847459199
2019-04-01,0.07868960690990434
2019-04-02,0.2387315866782984
2019-04-03,0.25763907964780763
2019-04-04,0.24748861779992382
2019-04-05,0.2703587451912348
2019-04-06,0.2749417738292479
2019-04-07,0.3020578639779945
2019-04-08,0.3193863365042038
2019-04-09,0.3032231097162832
2019-04-10,0.32593991265019895
2019-04-11,0.2758643873630078
2019-04-12,0.28079865053064523
2019-04-13,0.28218236888632653
2019-04-14,0.29604338650161743
2019-04-15,0.2763817008203713
2019-04-16,0.30908511036661857
2019-04-17,0.31220853064730214
2019-04-18,0.32101357875375136
2019-04-19,0.3220372831143852
2019-04-20,0.3284411191514991
2019-04-21,0.32405619564786114
2019-04-22,0.33989277900537473
2019-04-23,0.37143045771561667
2019-04-24,0.35195111113967137
2019-04-25,0.30429020073277613
2019-04-26,0.3174140141559345
2019-04-27,0.31531740603562675
2019-04-28,0.31851033166534215
2019-04-29,0.3113350526730798
2019-04-30,0.3308437392962791
2019-05-01,0.34050970403347414
2019-05-02,0.35931968378837986
2019-05-03,0.40598697976841436
2019-05-04,0.41682861578841646
2019-05-05,0.4107291107483739
2019-05-06,0.40225580018821283
2019-05-07,0.41654286620678427
2019-05-08,0.4424428215208298
2019-05-09,0.4740439548363682
2019-05-10,0.5065990740758366
2019-05-11,0.6283548942268489
2019-05-12,0.5955668041046351
2019-05-13,0.7096454738276385
2019-05-14,0.7323546814533177
2019-05-15,0.7583755773781977
2019-05-16,0.7185620837711539
2019-05-17,0.6474808065123359
2019-05-18,0.6375338226617178
2019-05-19,0.7574637220897138
2019-05-20,0.730337876061018
2019-05-21,0.728458338848224
2019-05-22,0.6922395753037414
2019-05-23,0.7181736081626227
2019-05-24,0.7314731237418393
2019-05-25,0.7395994410929347
2019-05-26,0.8138510170862929
2019-05-27,0.8290195148414199
2019-05-28,0.8192262517923741
2019-05-29,0.8122668996642286
2019-05-30,0.7722102516964995
2019-05-31,0.802404291631408
2019-06-01,0.801180690788982
2019-06-02,0.8218599587721247
2019-06-03,0.7588419000882638
2019-06-04,0.6958404217455616
2019-06-05,0.7108368952854978
2019-06-06,0.7105546542196723
2019-06-07,0.7385317832964802
2019-06-08,0.7273024118827323
2019-06-09,0.6932820880684769
2019-06-10,0.7330941210960678
2019-06-11,0.7239761480780835
2019-06-12,0.7511208877686357
2019-06-13,0.7615096412146904
2019-06-14,0.8162253061655012
2019-06-15,0.8327144177569323
2019-06-16,0.8502233580746257
2019-06-17,0.8858118355961864
2019-06-18,0.8598796847466303
2019-06-19,0.8807745686282686
2019-06-20,0.9077580648923913
2019-06-21,0.9705486516024084
2019-06-22,1.0240131858601433
2019-06-23,1.038271370715142
2019-06-24,1.052515467043035
2019-06-25,1.1209408701743442
2019-06-26,1.219808532893584
2019-06-27,1.0679888589565962
2019-06-28,1.171898972243408
2019-06-29,1.135126544539684
2019-06-30,1.034744706654509
2019-07-01,1.0128730557258354
2019-07-02,1.0333128493751396
2019-07-03,1.1352852725214078
2019-07-04,1.0709025589998227
2019-07-05,1.049546549211927
2019-07-06,1.0702883311577338
2019-07-07,1.0916750546250338
2019-07-08,1.1620683663810372
2019-07-09,1.1852276596614946
2019-07-10,1.1514764320168087
2019-07-11,1.0835920158296783
2019-07-12,1.123064769698244
2019-07-13,1.086555996382117
2019-07-14,0.981479994815551
2019-07-15,1.0419235962255815
2019-07-16,0.902546890644917
2019-07-17,0.9250981695010072
2019-07-18,1.0207177225676265
2019-07-19,1.0079092609950226
2019-07-20,1.0301102523254393
2019-07-21,1.0143809893508493
2019-07-22,0.9899316354088281
2019-07-23,0.946223668813353
2019-07-24,0.937209943822344
2019-07-25,0.9473415649666226
2019-07-26,0.9431420056246651
2019-07-27,0.9025507030642022
2019-07-28,0.910452004434525
2019-07-29,0.9069164687265072
2019-07-30,0.9161474965835712
2019-07-31,0.9647228147293472
2019-08-01,0.9953853549935889
2019-08-02,1.0067160761382326
2019-08-03,1.0351672136181467
2019-08-04,1.0487924806857052
2019-08-05,1.1221898932184242
2019-08-06,1.094058260167186
2019-08-07,1.1336703628411797
2019-08-08,1.1357147078939658
2019-08-09,1.1270303433971947
2019-08-10,1.083183636541552
2019-08-11,1.098006674448806
2019-08-12,1.0856986793236292
2019-08-13,1.0419915359342244
2019-08-14,0.9613535640099506
2019-08-15,0.9868756099756713
2019-08-16,0.9929467219761534
2019-08-17,0.9791064396954248
2019-08-18,0.990193041221314
2019-08-19,1.043845904754754
2019-08-20,1.0297473021086354
2019-08-21,0.9699070342463489
2019-08-22,0.9692169060200815
2019-08-23,0.9961827449285678
2019-08-24,0.9720659789430997
2019-08-25,0.9699531735586646
2019-08-26,0.992607505034913
2019-08-27,0.9745765218098832
2019-08-28,0.9313321894883657
2019-08-29,0.9059763089019448
2019-08-30,0.9151842356759143
2019-08-31,0.9185635626512898
2019-09-01,0.9316958405793159
2019-09-02,0.9902848804905773
2019-09-03,1.016683678815296
2019-09-04,1.0139457348345928
2019-09-05,1.012154526294939
2019-09-06,0.9909169551132191
2019-09-07,1.0066286120940706
2019-09-08,0.9993782139095124
2019-09-09,0.9891451179041155
2019-09-10,0.967727296928528
2019-09-11,0.9738764653614833
2019-09-12,0.9963904593919182
2019-09-13,0.9916164041347137
2019-09-14,0.9913752635745237
2019-09-15,0.9903769000756188
2019-09-16,0.9834997198948461
2019-09-17,0.9800372571890943
2019-09-18,0.9758273269618822
2019-09-19,0.9824892733632478
2019-09-20,0.9741976371770615
2019-09-21,0.9581662130067681
2019-09-22,0.9632110724230607
2019-09-23,0.9287558219544465
2019-09-24,0.8077621724329784
2019-09-25,0.7921461570618025
2019-09-26,0.7478144061295264
2019-09-27,0.7640482784499625
2019-09-28,0.7633293124750473
2019-09-29,0.7459920439337662
2019-09-30,0.7691278478937669
2019-10-01,0.7750673705424642
2019-10-02,0.7810144098618892
2019-10-03,0.7650350232436018
2019-10-04,0.758469597160742
2019-10-05,0.7518134008327628
2019-10-06,0.7315712963619045
2019-10-07,0.763293901322248
2019-10-08,0.7612495363406477
2019-10-09,0.8048781404973084
2019-10-10,0.8037995131990385
2019-10-11,0.7724847722423416
2019-10-12,0.7742615226806748
2019-10-13,0.7723945256196192
2019-10-14,0.7788250285077023
2019-10-15,0.7584000947810914
2019-10-16,0.7389762028391118
2019-10-17,0.74595818257818
2019-10-18,0.7296982425012306
2019-10-19,0.7316219682457277
2019-10-20,0.7604343719109501
2019-10-21,0.7630631651829223
2019-10-22,0.7427808438162824
2019-10-23,0.6704687411114527
2019-10-24,0.6676458609414961
2019-10-25,0.8124069548024284
2019-10-26,0.8776912886892951
2019-10-27,0.9103320846977958
2019-10-28,0.878899408192181
2019-10-29,0.8972622201107132
2019-10-30,0.8734371243918826
2019-10-31,0.8727697516302069
2019-11-01,0.8794346986939257
2019-11-02,0.8862800810231644
2019-11-03,0.8766503801757519
2019-11-04,0.8956619060301438
2019-11-05,0.8881881907205784
2019-11-06,0.8901506721797396
2019-11-07,0.8801316761779976
2019-11-08,0.8289175923717256
2019-11-09,0.8299053258234377
2019-11-10,0.8569866011844418
2019-11-11,0.8235547529935019
2019-11-12,0.8301413062339495
2019-11-13,0.8293016051368003
2019-11-14,0.8178644029553173
2019-11-15,0.7927350053914797
2019-11-16,0.7996316362194182
2019-11-17,0.8028093214997831
2019-11-18,0.7709850821163862
2019-11-19,0.7584947072778299
2019-11-20,0.7364556357168901
2019-11-21,0.6873688675912035
2019-11-22,0.6410168028719152
2019-11-23,0.6547936178226603
2019-11-24,0.6063434925999953
2019-11-25,0.6201828631913351
2019-11-26,0.63024069870138
2019-11-27,0.6727273251366821
2019-11-28,0.6635830572287595
2019-11-29,0.7027539673658421
2019-11-30,0.677755555161335
2019-12-01,0.6583687728571448
2019-12-02,0.6444932957463312
2019-12-03,0.6442415874265226
2019-12-04,0.6348934548856278
2019-12-05,0.6615982226417021
2019-12-06,0.6747610619459863
2019-12-07,0.6759848014260612
2019-12-08,0.6770571704805821
2019-12-09,0.6552129167997265
2019-12-10,0.6384839176470312
2019-12-11,0.6301099338298606
2019-12-12,0.6336654054883244
2019-12-13,0.6373242842860787
2019-12-14,0.6171753281324825
2019-12-15,0.6210456106034368
2019-12-16,0.5898290626924005
2019-12-17,0.5468009228446498
2019-12-18,0.638302962434496
2019-12-19,0.6280873626460046
2019-12-20,0.6303023883483618
2019-12-21,0.6264636934694323
2019-12-22,0.6700583918025114
2019-12-23,0.6490771728582327
2019-12-24,0.6445675822772508
2019-12-25,0.638076604908294
2019-12-26,0.6330898701343823
2019-12-27,0.6401270507882426
2019-12-28,0.6439471136641473
2019-12-29,0.6581478993495438
2019-12-30,0.6405256960158496
2019-12-31,0.6268030011926093
2020-01-01,0.6277166178753237
2020-01-02,0.59744368977913
2020-01-03,0.6476154357391621
2020-01-04,0.6565304455630585
2020-01-05,0.6566195894957474
2020-01-06,0.7037810567314082
2020-01-07,0.7533079460578129
2020-01-08,0.7429862728550081
2020-01-09,0.7178214217405898
2020-01-10,0.7536584387979168
2020-01-11,0.7377341488671423
2020-01-12,0.756829767912901
2020-01-13,0.7509167035256379
2020-01-14,0.8315132099040046
2020-01-15,0.8291594610898692
2020-01-16,0.8196647147650094
2020-01-17,0.8429200534806505
2020-01-18,0.8444610817565135
2020-01-19,0.8176519792403152
2020-01-20,0.8120538474342158
2020-01-21,0.8221957753682716
2020-01-22,0.8147338240735049
2020-01-23,0.782618456350308
2020-01-24,0.7872373893586033
2020-01-25,0.7780080831761946
2020-01-26,0.8050049212789663
2020-01-27,0.8407653462613283
2020-01-28,0.8899060029548771
2020-01-29,0.885412344282063
2020-01-30,0.9058493812001434
2020-01-31,0.8890443325242021
2020-02-01,0.8935628046758453
2020-02-02,0.8883848944393193
2020-02-03,0.8829289243616039
2020-02-04,0.8707434707125259
2020-02-05,0.9167718187052785
2020-02-06,0.9288049031992216
2020-02-07,0.9355797385919935
2020-02-08,0.9426165980394536
2020-02-09,0.9677963182587046
2020-02-10,0.9417538123887486
2020-02-11,0.9768062591350191
2020-02-12,0.9882816640750711
2020-02-13,0.9774079014328869
2020-02-14,0.9869309165935878
2020-02-15,0.9450773661943455
2020-02-16,0.949618244715202
2020-02-17,0.9247205212736223
2020-02-18,0.9702962137513733
2020-02-19,0.9188462297080839
2020-02-20,0.9162569640397535
2020-02-21,0.9243384960494652
2020-02-22,0.9219343379144913
2020-02-23,0.948619403390282
2020-02-24,0.9205874111966263
2020-02-25,0.8881001736581737
2020-02-26,0.8306924857326852
2020-02-27,0.8265995193442368
2020-02-28,0.8137633015759
2020-02-29,0.8053164656117282
2020-03-01,0.8009982247069249
2020-03-02,0.8362489642970754
2020-03-03,0.8269741994853206
2020-03-04,0.8232644558149236
2020-03-05,0.8595492978263444
2020-03-06,0.8643603021944202
2020-03-07,0.8407804716640701
2020-03-08,0.7464769428948426
2020-03-09,0.7234626496029986
2020-03-10,0.7217049645228144
2020-03-11,0.7219199530111418
2020-03-12,0.25718977767136764
2020-03-13,0.3698759998689134
2020-03-14,0.30234042982234044
2020-03-15,0.3385861624531863
2020-03-16,0.2659411047440674
2020-03-17,0.3071866304142592
2020-03-18,0.3096348348003275
2020-03-19,0.47673915904994146
2020-03-20,0.47796360905862834
2020-03-21,0.47574912398249936
2020-03-22,0.41667210011996936
2020-03-23,0.5124553377714332
2020-03-24,0.5609000463450737
2020-03-25,0.5528884864053527
2020-03-26,0.5581696977667701
2020-03-27,0.5207563210674575
2020-03-28,0.4849430802766683
2020-03-29,0.4322928669710038
2020-03-30,0.5145613155737898
2020-03-31,0.5159294229834046
2020-04-01,0.5417072261490805
2020-04-02,0.5695959821150414
2020-04-03,0.5606896982856941
2020-04-04,0.5804155021300819
2020-04-05,0.5692286413103762
2020-04-06,0.6376126568240252
2020-04-07,0.6244112736832665
2020-04-08,0.6461458997994765
2020-04-09,0.641771901815515
2020-04-10,0.5801192556195307
2020-04-11,0.57918514200672
2020-04-12,0.5953832363460272
2020-04-13,0.57713533297796
2020-04-14,0.5767539821216001
2020-04-15,0.5470410450449172
2020-04-16,0.6160701577713521
2020-04-17,0.6131686366758693
2020-04-18,0.6356695386764759
2020-04-19,0.6262225507191914
2020-04-20,0.5825146581001341
2020-04-21,0.5822770152520889
2020-04-22,0.6161268277138223
2020-04-23,0.6591001748900833
2020-04-24,0.6752782593865092
2020-04-25,0.6777959991668574
2020-04-26,0.6922136352501873
2020-04-27,0.7071709912982147
2020-04-28,0.7086396539281168
2020-04-29,0.8284810603724058
2020-04-30,0.8121590821864828
2020-05-01,0.8356959926330525
2020-05-02,0.849568119912087
2020-05-03,0.8393782077079166
2020-05-04,0.8410834795373052
2020-05-05,0.851177046526951
2020-05-06,0.880261172766776
2020-05-07,0.9513365396214386
2020-05-08,0.9403379924491482
2020-05-09,0.9147384949349533
2020-05-10,0.8233997450086079
2020-05-11,0.8055823883925903
2020-05-12,0.8288717848751155
2020-05-13,0.8803933916061091
2020-05-14,0.9292076999426371
2020-05-15,0.8866531586060056
2020-05-16,0.8918727219931206
2020-05-17,0.9227161366621068
2020-05-18,0.92847323173363
2020-05-19,0.928726412201657
2020-05-20,0.9073193583366166
2020-05-21,0.8598795772165637
2020-05-22,0.870919281891986
2020-05-23,0.8738238248291257
2020-05-24,0.8272679767755822
2020-05-25,0.8404415200845303
2020-05-26,0.8323384560913105
2020-05-27,0.8707494273140046
2020-05-28,0.9076101421229783
2020-05-29,0.8984745632587927
2020-05-30,0.925779952988357
2020-05-31,0.9007956604253611
2020-06-01,0.9727849768276986
2020-06-02,0.9080355020248625
2020-06-03,0.9212651970157584
2020-06-04,0.9360587364014101
2020-06-05,0.922177661128746
2020-06-06,0.9209505389701409
2020-06-07,0.931786207328777
2020-06-08,0.9330802676831595
2020-06-09,0.9355549153491829
2020-06-10,0.9431208323564881
2020-06-11,0.8859651132152049
2020-06-12,0.9028846970053479
2020-06-13,0.9022974031826863
2020-06-14,0.892914559364117
2020-06-15,0.8997004217018034
2020-06-16,0.908897761069829
2020-06-17,0.902822583812533
2020-06-18,0.8955799398375213
2020-06-19,0.8823366236333747
2020-06-20,0.8870972567061273
2020-06-21,0.8840160155223309
2020-06-22,0.9204364148379618
2020-06-23,0.918459113788801
2020-06-24,0.8850881905150203
2020-06-25,0.8798351090196981
2020-06-26,0.8687760650327956
2020-06-27,0.8558666862927016
2020-06-28,0.8666635973638712
2020-06-29,0.8718202942310942
2020-06-30,0.8660521765971279
2020-07-01,0.8758889612892045
2020-07-02,0.8644550363711936
2020-07-03,0.860489624263927
2020-07-04,0.8654495780289881
2020-07-05,0.8590182130549522
2020-07-06,0.8917085771094797
2020-07-07,0.8784811020809862
2020-07-08,0.8973306871356073
2020-07-09,0.8812539144194158
2020-07-10,0.8813444305498219
2020-07-11,0.8771907859308623
2020-07-12,0.8810957020192021
2020-07-13,0.8775443441503477
2020-07-14,0.8775010278364448
2020-07-15,0.8720359660283279
2020-07-16,0.8654210265650519
2020-07-17,0.8675174435720567
2020-07-18,0.8683527554996395
2020-07-19,0.871272087294015
2020-07-20,0.8689194017334554
2020-07-21,0.891645974152464
2020-07-22,0.9075694415836502
2020-07-23,0.9134008947720265
2020-07-24,0.9087790883710927
2020-07-25,0.9233750236011318
2020-07-26,0.946667920925691
2020-07-27,1.050676586910754
2020-07-28,1.043549923538631
2020-07-29,1.0605986307158837
2020-07-30,1.061566238190391
2020-07-31,1.080488661564118
2020-08-01,1.1182806952962654
2020-08-02,1.056368838173439
2020-08-03,1.0736548915296797
2020-08-04,1.0700511445281258
2020-08-05,1.117211182431662
2020-08-06,1.119995326763048
2020-08-07,1.1047434247138597
2020-08-08,1.117808894637907
2020-08-09,1.111124502811741
2020-08-10,1.1283087037163302
2020-08-11,1.0881475908535432
2020-08-12,1.1033168916093157
2020-08-13,1.1203657455647313
2020-08-14,1.1190693843365551
2020-08-15,1.1272631185896795
2020-08-16,1.1295448685555307
2020-08-17,1.1594966289654156
2020-08-18,1.137787214210416
2020-08-19,1.11816932721905
2020-08-20,1.1283306549608092
2020-08-21,1.1039687921676844
2020-08-22,1.1116456134480774
2020-08-23,1.1101912270211045
2020-08-24,1.1195556856563407
2020-08-25,1.0842496812478082
2020-08-26,1.0949460160117734
2020-08-27,1.0804825383378116
2020-08-28,1.0996472569334141
2020-08-29,1.0965552156859601
2020-08-30,1.114183146894634
2020-08-31,1.1115595887029102
2020-09-01,1.1360548765479503
2020-09-02,1.0884550481851356
2020-09-03,0.9804301403554536
2020-09-04,1.0061110992610285
2020-09-05,0.9730110521269104
2020-09-06,0.9838458396634344
2020-09-07,0.9924863080549713
2020-09-08,0.9692624024648602
2020-09-09,0.9801422381746185
2020-09-10,0.9918665330881424
2020-09-11,0.9955051683365639
2020-09-12,0.9994638828356415
2020-09-13,0.9880590152396955
2020-09-14,1.022062666167459
2020-09-15,1.0328751769102826
2020-09-16,1.0492227093365258
2020-09-17,1.0468586175059436
2020-09-18,1.046456280592155
2020-09-19,1.0600470519749923
2020-09-20,1.0458791664448999
2020-09-21,1.0013858556168493
2020-09-22,1.0086428002089232
2020-09-23,0.9805169713984547
2020-09-24,1.0294531078335751
2020-09-25,1.023174218049844
2020-09-26,1.0285844485227802
2020-09-27,1.030865031712521
2020-09-28,1.024756804566172
2020-09-29,1.037282387873688
2020-09-30,1.0317204846426478
2020-10-01,1.0162988092414267
2020-10-02,1.0121962638631512
2020-10-03,1.0096736471654513
2020-10-04,1.0210083652795685
2020-10-05,1.0325406443043015
2020-10-06,1.014880980242049
2020-10-07,1.0209507926926715
2020-10-08,1.0438121773399853
2020-10-09,1.0573493712631752
2020-10-10,1.0780920490369024
2020-10-11,1.0858361979769047
2020-10-12,1.100761064078533
2020-10-13,1.0894940385476666
2020-10-14,1.0898097119481314
2020-10-15,1.0955539533257674
2020-10-16,1.080369985034972
2020-10-17,1.0835426648848685
2020-10-18,1.0945103581027844
2020-10-19,1.1167866995678484
2020-10-20,1.1315215261730973
2020-10-21,1.2049055804789663
2020-10-22,1.215933568045763
2020-10-23,1.2132805975903853
2020-10-24,1.2268388804401695
2020-10-25,1.220955855192658
2020-10-26,1.224332362385752
2020-10-27,1.2676599213484057
2020-10-28,1.2392140719299487
2020-10-29,1.2516891753885968
2020-10-30,1.2597412509719046
2020-10-31,1.2769018591125345
2020-11-01,1.273712265919011
2020-11-02,1.2600340357958935
2020-11-03,1.2891124509492666
2020-11-04,1.3021738956449855
2020-11-05,1.3995897064492304
2020-11-06,1.398692776141182
2020-11-07,1.3505166348668851
2020-11-08,1.3931323024587297
2020-11-09,1.3835741021314298
2020-11-10,1.3808694150218148
2020-11-11,1.4073574306136294
2020-11-12,1.4433241315048928
2020-11-13,1.4458684447106087
2020-11-14,1.4304497283075577
2020-11-15,1.4234204873814633
2020-11-16,1.4699843860718769
2020-11-17,1.5240868619160146
2020-11-18,1.5330348617923768
2020-11-19,1.5337694818092587
2020-11-20,1.5779182445074529
2020-11-21,1.579040948742632
2020-11-22,1.5643303870828849
2020-11-23,1.5640102019831748
2020-11-24,1.6036904697487362
2020-11-25,1.5838511373740989
2020-11-26,1.4956458837503135
2020-11-27,1.4931810894942856
2020-11-28,1.528159382794552
2020-11-29,1.5537950874969635
2020-11-30,1.6304582398371164
2020-12-01,1.5876277092346882
2020-12-02,1.608578523371996
2020-12-03,1.6212218394181779
2020-12-04,1.582122371893945
2020-12-05,1.6061349849698203
2020-12-06,1.6160516293597187
2020-12-07,1.608085672798401
2020-12-08,1.5616672132421563
2020-12-09,1.574292254271736
2020-12-10,1.55859761405093
2020-12-11,1.547250257520778
2020-12-12,1.587662713844237
2020-12-13,1.6055162536715226
2020-12-14,1.6109481170095012
2020-12-15,1.6197642754867037
2020-12-16,1.712815873063482
2020-12-17,1.7805983001742316
2020-12-18,1.7950859808995556
2020-12-19,1.826226785046396
2020-12-20,1.8096451621007787
2020-12-21,1.780507085168452
2020-12-22,1.8225836531142292
2020-12-23,1.7995442164512205
2020-12-24,1.8206021251016136
2020-12-25,1.8589881432721924
2020-12-26,1.928377329322375
2020-12-27,1.92212634045225
2020-12-28,1.9525843837464922
2020-12-29,1.9627825602327675
2020-12-30,2.015407742122118
2020-12-31,2.0209665443511717
2021-01-01,2.033726497199398
2021-01-02,2.1233165083482053
2021-01-03,2.1434916807515982
2021-01-04,2.118469213395782
2021-01-05,2.1797492251089867
2021-01-06,2.2597710533398665
2021-01-07,2.3266419775983938
2021-01-08,2.3622348674778433
2021-01-09,2.3488343448573286
2021-01-10,2.3005338589004634
2021-01-11,2.2250199582967376
2021-01-12,2.1777034804379074
2021-01-13,2.273043201174165
2021-01-14,2.3219648139530165
2021-01-15,2.259798314980708
2021-01-16,2.2420664678370894
2021-01-17,2.231315595637751
2021-01-18,2.254480984496979
2021-01-19,2.239067461616786
2021-01-20,2.2244882446414476
2021-01-21,2.0819601138230883
2021-01-22,2.150293525298391
2021-01-23,2.12145888390412
2021-01-24,2.128349731255865
2021-01-25,2.130731999892655
2021-01-26,2.1369983833533386
2021-01-27,2.0691240381289298
2021-01-28,2.164144297676099
2021-01-29,2.189234368523918
2021-01-30,2.1878678112110155
2021-01-31,2.153578387821444
2021-02-01,2.1662659298894393
2021-02-02,2.2234338687688595
2021-02-03,2.277207766570399
2021-02-04,2.2625290898665753
2021-02-05,2.294987943175009
2021-02-06,2.3239706844561407
2021-02-07,2.314694096272735
2021-02-08,2.486514658160859
2021-02-09,2.4926572775463107
2021-02-10,2.4584540741166823
2021-02-11,2.5229216901750764
2021-02-12,2.5144432255171516
2021-02-13,2.506001480265331
2021-02-14,2.539645360171569
2021-02-15,2.523667124242758
2021-02-16,2.549502384983507
2021-02-17,2.6077165371530278
2021-02-18,2.5986783105637237
2021-02-19,2.6769634460006557
2021-02-20,2.6807386295210343
2021-02-21,2.706090789231567
2021-02-22,2.646427341976313
2021-02-23,2.5418420974753033
2021-02-24,2.559723593213425
2021-02-25,2.505753833961373
2021-02-26,2.489611758504486
2021-02-27,2.4863412160244955
2021-02-28,2.463330739457735
2021-03-01,2.5582318997848734
2021-03-02,2.5326769745763826
2021-03-03,2.576341702270284
2021-03-04,2.5364355800711564
2021-03-05,2.5439470002476927
2021-03-06,2.543641973208114
2021-03-07,2.5894815965687954
2021-03-08,2.609584733084299
2021-03-09,2.6577415733375336
2021-03-10,2.6791157531355623
2021-03-11,2.7106887535258597
2021-03-12,2.7024718806727446
2021-03-13,2.768462341934457
2021-03-14,2.7362597492751686
2021-03-15,2.677304540858346
2021-03-16,2.6932340124059557
2021-03-17,2.7289581994863124
2021-03-18,2.7116190475697
2021-03-19,2.720013366620279
2021-03-20,2.7194474874949037
2021-03-21,2.705803583355058
2021-03-22,2.6523467023106253
2021-03-23,2.656186817743569
2021-03-24,2.61963505996591
2021-03-25,2.5991496270503553
2021-03-26,2.6634380463702474
2021-03-27,2.6784899553450714
2021-03-28,2.678083151212368
2021-03-29,2.709738180605685
2021-03-30,2.7297527905256693
2021-03-31,2.729772149973263
2021-04-01,2.7327713828519506
2021-04-02,2.737641473696039
2021-04-03,2.707201492528071
2021-04-04,2.727048135660448
2021-04-05,2.7321293429866618
2021-04-06,2.717365445437041
2021-04-07,2.6798365745838755
2021-04-08,2.7196242502881027
2021-04-09,2.7182697004519873
2021-04-10,2.7445038985486523
2021-04-11,2.7513662029360564
2021-04-12,2.746178583937912
2021-04-13,2.80470572738818
2021-04-14,2.7984857892390096
2021-04-15,2.8017180403559863
2021-04-16,2.773831418481418
2021-04-17,2.759288492380012
2021-04-18,2.6828160612818923
2021-04-19,2.6740270821640966
2021-04-20,2.687374582723063
2021-04-21,2.6408548371812355
2021-04-22,2.6002729534344287
2021-04-23,2.587271650749223
2021-04-24,2.566651213569113
2021-04-25,2.5455184902901458
2021-04-26,2.6429981970921013
2021-04-27,2.6615465162407546
2021-04-28,2.657752260867019
2021-04-29,2.6343225870418845
2021-04-30,2.7097377747628464
2021-05-01,2.7110853471231593
2021-05-02,2.6901692995329345
2021-05-03,2.700170401738337
2021-05-04,2.6301767655145607
2021-05-05,2.704073851989037
2021-05-06,2.686018758431395
2021-05-07,2.70289585521283
2021-05-08,2.7278174749156197
2021-05-09,2.7180518468815915
2021-05-10,2.676456305721876
2021-05-11,2.6914662630661663
2021-05-12,2.5484991162931294
2021-05-13,2.559942044403222
2021-05-14,2.563242231162988
2021-05-15,2.4986435279677046
2021-05-16,2.4921182708774694
2021-05-17,2.4272342863910037
2021-05-18,2.4127023523063755
2021-05-19,2.2645952759544894
2021-05-20,2.36187029207845
2021-05-21,2.272730475241657
2021-05-22,2.2789287126789013
2021-05-23,2.202383066880568
2021-05-24,2.3096055037072105
2021-05-25,2.3017267211261867
2021-05-26,2.3246882869389545
2021-05-27,2.3026311058674196
2021-05-28,2.228694994365977
2021-05-29,2.197929302823825
2021-05-30,2.2281492469028112
2021-05-31,2.273485164135277
2021-06-01,2.2559773105621588
2021-06-02,2.2799550992644733
2021-06-03,2.3225117162158426
2021-06-04,2.261671328948717
2021-06-05,2.224606586373941
2021-06-06,2.2333001862241293
2021-06-07,2.166967330588786
2021-06-08,2.164339555525329
2021-06-09,2.2738136579074677
2021-06-10,2.2564589149143384
2021-06-11,2.2735264933303245
2021-06-12,2.224622298289919
2021-06-13,2.319679099584576
2021-06-14,2.3479378875508967
2021-06-15,2.3525963408784243
2021-06-16,2.300289309282281
2021-06-17,2.2926045484946123
2021-06-18,2.231202957102875
2021-06-19,2.2264027372855804
2021-06-20,2.228714362599373
2021-06-21,2.1091925667506946
2021-06-22,2.135025614360087
2021-06-23,2.1717922895157002
2021-06-24,2.199267989373345
2021-06-25,2.1079633353990808
2021-06-26,2.1251515738000037
2021-06-27,2.1988988482793133
2021-06-28,2.1926655858235584
2021-06-29,2.233450706947698
2021-06-30,2.210125503981846
2021-07-01,2.167307258380971
2021-07-02,2.1769392792944107
2021-07-03,2.1994442273157553
2021-07-04,2.2171481453266733
2021-07-05,2.172473389065006
2021-07-06,2.1868655991444683
2021-07-07,2.1757077724941674
2021-07-08,2.1463959939562027
2021-07-09,2.1740133574040765
2021-07-10,2.165769156170482
2021-07-11,2.1870114088443575
2021-07-12,2.1548304824965268
2021-07-13,2.141048396070726
2021-07-14,2.144720995907157
2021-07-15,2.112471527550314
2021-07-16,2.101104996691827
2021-07-17,2.1046481659091736
2021-07-18,2.1129773690223494
2021-07-19,2.081704866033638
2021-07-20,2.0483663102994267
2021-07-21,2.122800482656359
2021-07-22,2.1290842715385274
2021-07-23,2.1675882138104328
2021-07-24,2.1885364581671034
2021-07-25,2.218915077964761
2021-07-26,2.2736105066563734
2021-07-27,2.3275533601444103
2021-07-28,2.342388486660864
2021-07-29,2.3427013603614615
2021-07-30,2.3968735910140797
2021-07-31,2.3823410456389293
2021-08-01,2.3418630018832154
2021-08-02,2.322337752418406
2021-08-03,2.295215261213274
2021-08-04,2.3361584258517514
2021-08-05,2.3639967832229978
2021-08-06,2.410534923849413
2021-08-07,2.4503537353081892
2021-08-08,2.4332022114060994
2021-08-09,2.4901649234961685
2021-08-10,2.4731907821035595
2021-08-11,2.473379542675902
2021-08-12,2.447487789131701
2021-08-13,2.520497268850619
2021-08-14,2.5058195250926456
2021-08-15,2.5047585666062204
2021-08-16,2.482350259685054
2021-08-17,2.453481060650468
2021-08-18,2.4558460273004794
2021-08-19,2.497731880632829
2021-08-20,2.5523297876166815
2021-08-21,2.543501086381214
2021-08-22,2.5519745617784793
2021-08-23,2.55651590846176
2021-08-24,2.5186710141308097
2021-08-25,2.5446311360812395
2021-08-26,2.502528838628864
2021-08-27,2.5466282689311317
2021-08-28,2.543437904492558
2021-08-29,2.541952819734151
2021-08-30,2.5049281797868748
2021-08-31,2.5072992516456054
2021-09-01,2.542304905433623
2021-09-02,2.5520976302217946
2021-09-03,2.5661417582279817
2021-09-04,2.564526273231248
2021-09-05,2.600101708247921
2021-09-06,2.616964848628143
2021-09-07,2.4997323533308435
2021-09-08,2.4842375597578528
2021-09-09,2.4907259502918055
2021-09-10,2.4576907636473404
2021-09-11,2.4647407030576964
2021-09-12,2.483627257585935
2021-09-13,2.4594529615338168
2021-09-14,2.5057249683117266
2021-09-15,2.528479569626235
2021-09-16,2.520288830190296
2021-09-17,2.5094347504810184
2021-09-18,2.5305948766350426
2021-09-19,2.5092802819324778
2021-09-20,2.411172343562521
2021-09-21,2.359684075699196
2021-09-22,2.4280836776959784
2021-09-23,2.457939986719202
2021-09-24,2.411077791429328
2021-09-25,2.408198838690918
2021-09-26,2.4196495207354154
2021-09-27,2.3968779379058454
2021-09-28,2.3680256049581043
2021-09-29,2.3808545297726766
2021-09-30,2.433037289890841
2021-10-01,2.52724570882212
2021-10-02,2.518783594900979
2021-10-03,2.5289694300801155
2021-10-04,2.5477331586735428
2021-10-05,2.595480769208228
2021-10-06,2.6674948705855392
2021-10-07,2.6389960762521927
2021-10-08,2.6419998369963604
2021-10-09,2.660366629907177
2021-10-10,2.656782793590301
2021-10-11,2.705131756297874
2021-10-12,2.679695992791789
2021-10-13,2.7036748076082713
2021-10-14,2.702287561906374
2021-10-15,2.7741750202809534
2021-10-16,2.7627161356483647
2021-10-17,2.773520000715905
2021-10-18,2.781166293065196
2021-10-19,2.8165797367256946
2021-10-20,2.8431575712677315
2021-10-21,2.7841299028770017
2021-10-22,2.7594276517942973
2021-10-23,2.770917256682873
2021-10-24,2.763350765337986
2021-10-25,2.79737803867199
2021-10-26,2.754000852570927
2021-10-27,2.7223370087072443
2021-10-28,2.758271500295269
2021-10-29,2.7844158758004234
2021-10-30,2.7789511254199333
2021-10-31,2.7697004267705747
2021-11-01,2.764557476705555
2021-11-02,2.800333354054029
2021-11-03,2.796270548436878
2021-11-04,2.771871514182269
2021-11-05,2.7665433849943017
2021-11-06,2.773095293435249
2021-11-07,2.8019229749750334
2021-11-08,2.8667285359365913
2021-11-09,2.85788343675439
2021-11-10,2.827925271333946
2021-11-11,2.8272285232266636
2021-11-12,2.8149280857079493
2021-11-13,2.8198040494162253
2021-11-14,2.835155134054295
2021-11-15,2.805562228207579
2021-11-16,2.750639773955996
2021-11-17,2.7540707388782284
2021-11-18,2.6956469884749197
2021-11-19,2.7161139615212253
2021-11-20,2.7428964211392657
2021-11-21,2.726570165500412
2021-11-22,2.684115651022964
2021-11-23,2.7065968991261755
2021-11-24,2.6839581791615377
2021-11-25,2.7014700173223183
2021-11-26,2.634596216301036
2021-11-27,2.6575766859084577
2021-11-28,2.701012072186346
2021-11-29,2.710713756404571
2021-11-30,2.6967578339834954
2021-12-01,2.7006866147183377
2021-12-02,2.6874593126095956
2021-12-03,2.635127726944253
2021-12-04,2.5495192960890893
2021-12-05,2.552930992561537
2021-12-06,2.5772195194129655
2021-12-07,2.5795389871498315
2021-12-08,2.575679700928445
2021-12-09,2.5179581451199695
2021-12-10,2.5089223256983537
2021-12-11,2.552802566415078
2021-12-12,2.5675991742532425
2021-12-13,2.498157803945068
2021-12-14,2.4954829763246416
2021-12-15,2.543321754424623
2021-12-16,2.5178176902261633
2021-12-17,2.486637596970123
2021-12-18,2.500536292626432
2021-12-19,2.4975057624422963
2021-12-20,2.5012084428212873
2021-12-21,2.544137235708755
2021-12-22,2.5378214013022653
2021-12-23,2.581203340631852
2021-12-24,2.5819445562994083
2021-12-25,2.5741948291004153
2021-12-26,2.5816950340302505
2021-12-27,2.5783614130635577
2021-12-28,2.51620998655158
2021-12-29,2.4918739745952383
2021-12-30,2.507541713308372
2021-12-31,2.4888925405515057
2022-01-01,2.5182662736992754
2022-01-02,2.5110772192992545
2022-01-03,2.492162582603491
2022-01-04,2.48002364793963
2022-01-05,2.4279573594848163
2022-01-06,2.4185470621812275
2022-01-07,2.3806990735308524
2022-01-08,2.384926121863449
2022-01-09,2.389174057069562
2022-01-10,2.3870162453033608
2022-01-11,2.408649655940799
2022-01-12,2.436643563192712
2022-01-13,2.405267735240642
2022-01-14,2.4171273999364633
2022-01-15,2.418928555558674
2022-01-16,2.4174563431942726
2022-01-17,2.3972287714952234
2022-01-18,2.4001848807518353
2022-01-19,2.385174970308965
2022-01-20,2.3593582272133613
2022-01-21,2.2497535442979206
2022-01-22,2.2098233554582745
2022-01-23,2.244789929239456
2022-01-24,2.255142896346154
2022-01-25,2.2632853831731055
2022-01-26,2.2605245587235405
2022-01-27,2.2682583966143266
2022-01-28,2.2855059017047417
2022-01-29,2.29482725344395
2022-01-30,2.2890268069867954
2022-01-31,2.3038312150531883
2022-02-01,2.3105685335558217
2022-02-02,2.263257793596699
2022-02-03,2.2686990094286905
2022-02-04,2.379325892886138
2022-02-05,2.377886069402404
2022-02-06,2.4010529459199823
2022-02-07,2.4341645286295197
2022-02-08,2.440489337594858
2022-02-09,2.4454714512768554
2022-02-10,2.4278680574954663
2022-02-11,2.400946931440295
2022-02-12,2.3970848096074278
2022-02-13,2.3959727293978847
2022-02-14,2.4051584977125167
2022-02-15,2.4507891021997565
2022-02-16,2.436933807149858
2022-02-17,2.355851476430754
2022-02-18,2.3432649500069935
2022-02-19,2.345540088198886
2022-02-20,2.3024856664523607
2022-02-21,2.2665618555040066
2022-02-22,2.2986963898455137
2022-02-23,2.2725127552300926
2022-02-24,2.2999123351816433
2022-02-25,2.3226507857769487
2022-02-26,2.319865513450871
2022-02-27,2.2835309955264442
2022-02-28,2.419295252829766
2022-03-01,2.445828633162291
2022-03-02,2.4360749172268843
2022-03-03,2.401980438574471
2022-03-04,2.320695163009235
2022-03-05,2.3273920692378685
2022-03-06,2.302189132185511
2022-03-07,2.292828816914776
2022-03-08,2.3104135551307365
2022-03-09,2.3908743881445957
2022-03-10,2.3283275313440654
2022-03-11,2.311902049053419
2022-03-12,2.3147087558580868
2022-03-13,2.2872334858831014
2022-03-14,2.3341247852926355
2022-03-15,2.3258223133944576
2022-03-16,2.370687781068657
2022-03-17,2.3659968641908637
2022-03-18,2.3865353821657997
2022-03-19,2.395810069597813
2022-03-20,2.3732097467118454
2022-03-21,2.36908398482438
2022-03-22,2.399787776134353
2022-03-23,2.4123190222249846
2022-03-24,2.436912748190771
2022-03-25,2.445695464598437
2022-03-26,2.4491191800840078
2022-03-27,2.499932355876391
2022-03-28,2.506478768639761
2022-03-29,2.5136193683789507
2022-03-30,2.5050913731442197
2022-03-31,2.4721733636016374
2022-04-01,2.4883568176116544
2022-04-02,2.4793997820709848
2022-04-03,2.4920646233140324
2022-04-04,2.4956984090601644
2022-04-05,2.4725535484542682
2022-04-06,2.4196078433536936
2022-04-07,2.426460767585226
2022-04-08,2.3981067953262887
2022-04-09,2.4097320306162224
2022-04-10,2.396213384038905
2022-04-11,2.330466389484055
2022-04-12,2.3456653812858157
2022-04-13,2.3712417987813073
2022-04-14,2.3408774254267666
2022-04-15,2.3562326046538953
2022-04-16,2.3530470318141905
2022-04-17,2.3353895089322485
2022-04-18,2.3629357772966344
2022-04-19,2.3793710716358696
2022-04-20,2.3762732037896583
2022-04-21,2.3555887640813395
2022-04-22,2.335977678829419
2022-04-23,2.329576059501841
2022-04-24,2.3291343579184964
2022-04-25,2.3538834079945925
2022-04-26,2.2942838510060444
2022-04-27,2.323336586000565
2022-04-28,2.33682049272209
2022-04-29,2.307118139061261
2022-04-30,2.283665960503342
2022-05-01,2.3034665407037433
2022-05-02,2.3050311023095613
2022-05-03,2.2846088604686603
2022-05-04,2.3349215380016517
2022-05-05,2.252980173272576
2022-05-06,2.2382663931649383
2022-05-07,2.223199094107999
2022-05-08,2.1817134953210022
2022-05-09,2.0646585320628503
2022-05-10,2.088337224449333
2022-05-11,2.0187101607628133
2022-05-12,2.022552476403325
2022-05-13,2.0306220593966096
2022-05-14,2.0581785997474658
2022-05-15,2.097392829356343
2022-05-16,2.0502288905304127
2022-05-17,2.0689042015022796
2022-05-18,2.0112145784683264
2022-05-19,2.0652320509792226
2022-05-20,2.02780544097962
2022-05-21,2.0357015971361463
2022-05-22,2.065541713671932
2022-05-23,2.024312103335266
2022-05-24,2.043261885102334
2022-05-25,2.0401133569721743
2022-05-26,2.0300796574273026
2022-05-27,2.00798176840474
2022-05-28,2.014504009558655
2022-05-29,2.0361679997376143
2022-05-30,2.110760227901533
2022-05-31,2.11283583537854
2022-06-01,2.048088904707706
2022-06-02,2.070271538618689
2022-06-03,2.0449062489084984
2022-06-04,2.0492236642774024
2022-06-05,2.0516926501344894
2022-06-06,2.099484821263456
2022-06-07,2.092601486604586
2022-06-08,2.061928539621155
2022-06-09,2.058535080075359
2022-06-10,2.0237928608375597
2022-06-11,1.9986196634272577
2022-06-12,1.9406185819084367
2022-06-13,1.7665660301317665
2022-06-14,1.7540096131907106
2022-06-15,1.7703587882745726
2022-06-16,1.6682463869444693
2022-06-17,1.6726441978270312
2022-06-18,1.5989784866021424
2022-06-19,1.6766315061262134
2022-06-20,1.6788799866587905
2022-06-21,1.6842569148668876
2022-06-22,1.6486949095422556
2022-06-23,1.7022148591948074
2022-06-24,1.7091046688085694
2022-06-25,1.7217730498551944
2022-06-26,1.6994327334878978
2022-06-27,1.6854575526431006
2022-06-28,1.66327785984768
2022-06-29,1.6545313475877919
2022-06-30,1.638521635831511
2022-07-01,1.6121280241635478
2022-07-02,1.6107200683071738
2022-07-03,1.6135649722836867
2022-07-04,1.6608403994666947
2022-07-05,1.6588045213403895
2022-07-06,1.6763869705982728
2022-07-07,1.7280433639868917
2022-07-08,1.7323565866993142
2022-07-09,1.72594384553547
2022-07-10,1.6914663658104434
2022-07-11,1.647870402415677
2022-07-12,1.6149547810266558
2022-07-13,1.6598915409714774
2022-07-14,1.6774411922347188
2022-07-15,1.690309389277612
2022-07-16,1.7071556855695817
2022-07-17,1.687570785859835
2022-07-18,1.766490464089964
2022-07-19,1.8058957460933822
2022-07-20,1.7991305024570128
2022-07-21,1.7962378806869648
2022-07-22,1.7766359349220817
2022-07-23,1.7655912243248935
2022-07-24,1.771966695115152
2022-07-25,1.7152110353331196
2022-07-26,1.709485991506277
2022-07-27,1.7860814130556388
2022-07-28,1.8251392439476533
2022-07-29,1.8234915992562133
2022-07-30,1.8172369157900317
2022-07-31,1.8036470297304241
2022-08-01,1.8026739650221337
2022-08-02,1.7881537179395206
2022-08-03,1.7824096562319784
2022-08-04,1.7729301306634575
2022-08-05,1.8016060297516177
2022-08-06,1.7874206699385642
2022-08-07,1.7967239226686083
2022-08-08,1.823695468013188
2022-08-09,1.796224474516812
2022-08-10,1.8294812695706941
2022-08-11,1.8298940316380623
2022-08-12,1.8483100136949595
2022-08-13,1.8491804358238184
2022-08-14,1.8448830527464875
2022-08-15,1.8373561815620327
2022-08-16,1.826790475287897
2022-08-17,1.8036085304040324
2022-08-18,1.798312573373254
2022-08-19,1.6922859314715666
2022-08-20,1.7060103627742293
2022-08-21,1.7232500862867859
2022-08-22,1.7169512837151615
2022-08-23,1.7229698775698257
2022-08-24,1.7167695442912958
2022-08-25,1.7263465609442523
2022-08-26,1.6622608443845888
2022-08-27,1.6514283945706616
2022-08-28,1.6299984602634066
2022-08-29,1.66413345189339
2022-08-30,1.639132124109823
2022-08-31,1.651828748278616
2022-09-01,1.655680565642152
2022-09-02,1.6478310859509921
2022-09-03,1.640912608015494
2022-09-04,1.6486790788377643
2022-09-05,1.6399179268415924
2022-09-06,1.5894698621692314
2022-09-07,1.6132150159183674
2022-09-08,1.6152610862219046
2022-09-09,1.7161211838897952
2022-09-10,1.7300264223031938
2022-09-11,1.7341100742662388
2022-09-12,1.7613522381379028
2022-09-13,1.6640700392144794
2022-09-14,1.661326070539106
2022-09-15,1.6342914842978438
2022-09-16,1.6379077124712769
2022-09-17,1.6557022051870138
2022-09-18,1.6198893991395131
2022-09-19,1.626286311162426
2022-09-20,1.592285833615339
2022-09-21,1.573941020100115
2022-09-22,1.6195826976492445
2022-09-23,1.6135941213525324
2022-09-24,1.5947296806432032
2022-09-25,1.5875798226061164
2022-09-26,1.6097017907634115
2022-09-27,1.603851756593242
2022-09-28,1.6202608557504323
2022-09-29,1.6277650415055245
2022-09-30,1.620521718013773
2022-10-01,1.6143430015072227
2022-10-02,1.6003691135709452
2022-10-03,1.6303432898782901
2022-10-04,1.6660455855810685
2022-10-05,1.6573473795060423
2022-10-06,1.647113337747447
2022-10-07,1.6264255096799722
2022-10-08,1.6197381222628096
2022-10-09,1.6212746702519514
2022-10-10,1.6054693181048627
2022-10-11,1.6007529143921584
2022-10-12,1.6063028107666302
2022-10-13,1.6180028372889268
2022-10-14,1.607774311059556
2022-10-15,1.601603764383965
2022-10-16,1.6120619358707824
2022-10-17,1.6266254300022496
2022-10-18,1.6154981026529196
2022-10-19,1.6053674807569784
2022-10-20,1.6008748015978487
2022-10-21,1.6070867122512418
2022-10-22,1.6089481036452948
2022-10-23,1.6274562545994673
2022-10-24,1.6160749513441992
2022-10-25,1.6541250769440623
2022-10-26,1.68714227130301
2022-10-27,1.6635342869813883
2022-10-28,1.6786767795608064
2022-10-29,1.6894522702140709
2022-10-30,1.680629291494446
2022-10-31,1.6738300726415467
2022-11-01,1.6733176406257524
2022-11-02,1.6572872166098964
2022-11-03,1.6597883331006837
2022-11-04,1.7051203313483558
2022-11-05,1.711505513868067
2022-11-06,1.6946270266000134
2022-11-07,1.6790391667347873
2022-11-08,1.5736105199233261
2022-11-09,1.418720971753178
2022-11-10,1.5207583807644625
2022-11-11,1.488839927163161
2022-11-12,1.47494178741578
2022-11-13,1.448045082431081
2022-11-14,1.4641098148356804
2022-11-15,1.4800141320151958
2022-11-16,1.4671884516444589
2022-11-17,1.4682723710651082
2022-11-18,1.4688869989108095
2022-11-19,1.4697112916704889
2022-11-20,1.4442752613760685
2022-11-21,1.4128161987889953
2022-11-22,1.4379909138693865
2022-11-23,1.4636588708551237
2022-11-24,1.4632830072228664
2022-11-25,1.458294632327764
2022-11-26,1.4548046432061401
2022-11-27,1.4536101764015594
2022-11-28,1.4396913281605883
2022-11-29,1.4536317922709348
2022-11-30,1.496691558854879
2022-12-01,1.4848894902595102
2022-12-02,1.4920264763053162
2022-12-03,1.4814122414375195
2022-12-04,1.4944710839008852
2022-12-05,1.4853428146837313
2022-12-06,1.492075849934551
2022-12-07,1.4778508721021133
2022-12-08,1.500465072183152
2022-12-09,1.494626701677264
2022-12-10,1.4943682374719494
2022-12-11,1.4929350406745598
2022-12-12,1.4988949685868658
2022-12-13,1.5317597573175945
2022-12-14,1.5336886879597653
2022-12-15,1.5080603069387415
2022-12-16,1.4658704979572406
2022-12-17,1.474698070310133
2022-12-18,1.472485739138774
2022-12-19,1.4533092872439202
2022-12-20,1.4812979923263931
2022-12-21,1.4760334829062156
2022-12-22,1.4767946983172955
2022-12-23,1.4748088898884735
2022-12-24,1.477828846043197
2022-12-25,1.4774863363692265
2022-12-26,1.4820961923538984
2022-12-27,1.4700479454855202
2022-12-28,1.460152895185269
2022-12-29,1.465561540010789
2022-12-30,1.4631698441320289
2022-12-31,1.4598461784824703
2023-01-01,1.4645237847940482
2023-01-02,1.468329485478753
2023-01-03,1.4678132305792548
2023-01-04,1.4787473845412897
2023-01-05,1.4771745668228515
2023-01-06,1.4839953590584045
2023-01-07,1.4841787648867086
2023-01-08,1.4921718472357295
2023-01-09,1.498320436423036
2023-01-10,1.512738570293923
2023-01-11,1.5403597207916544
2023-01-12,1.591162901281841
2023-01-13,1.6448121140855108
2023-01-14,1.6970045546463517
2023-01-15,1.6924414018689884
2023-01-16,1.7061791218212647
2023-01-17,1.7057957974419313
2023-01-18,1.683202966288631
2023-01-19,1.702258300391529
2023-01-20,1.7749428530025764
2023-01-21,1.7793900759970285
2023-01-22,1.7768752857665966
2023-01-23,1.7862507279651663
2023-01-24,1.77317364876426
2023-01-25,1.7942168334655832
2023-01-26,1.7905296848717391
2023-01-27,1.7925227313459047
2023-01-28,1.7904564170328108
2023-01-29,1.8222277524178558
2023-01-30,1.7821308377519038
2023-01-31,1.7951431262914177
2023-02-01,1.8200888608814214
2023-02-02,1.8094141110040525
2023-02-03,1.8084529747563813
2023-02-04,1.8034306610135165
2023-02-05,1.7871761727822406
2023-02-06,1.778620796360956
2023-02-07,1.8005309920758883
2023-02-08,1.786467269591883
2023-02-09,1.7363943216707654
2023-02-10,1.7286715039458613
2023-02-11,1.7387672245676864
2023-02-12,1.7349800638047412
2023-02-13,1.7358929135989793
2023-02-14,1.754640379649116
2023-02-15,1.844410387512312
2023-02-16,1.815852286030747
2023-02-17,1.8549585354568467
2023-02-18,1.8580343591056607
2023-02-19,1.8452246400112227
2023-02-20,1.8656296847555378
2023-02-21,1.8496833032178142
2023-02-22,1.8395029063368113
2023-02-23,1.829474989574793
2023-02-24,1.7976829221683488
2023-02-25,1.7967016740851847
2023-02-26,1.8132132199190547
2023-02-27,1.81158456742736
2023-02-28,1.795491836552257
2023-03-01,1.8168286414914192
2023-03-02,1.8095672912819385
2023-03-03,1.7610048655521666
2023-03-04,1.7605875620300466
2023-03-05,1.7642565167053714
2023-03-06,1.7639999325271791
2023-03-07,1.7545937935611366
2023-03-08,1.7317564785000048
2023-03-09,1.6673319651714724
2023-03-10,1.658662308288358
2023-03-11,1.6804745295324697
2023-03-12,1.7520784413777992
2023-03-13,1.839862075746284
2023-03-14,1.862278240543791
2023-03-15,1.8472088207181727
2023-03-16,1.8745965426878222
2023-03-17,1.96502736004261
2023-03-18,1.948183704127663
2023-03-19,1.9871962165246266
2023-03-20,1.977468157847552
2023-03-21,1.9920754173048625
2023-03-22,1.9607704825188375
2023-03-23,1.9976729134402795
2023-03-24,1.9675531802547237
2023-03-25,1.9676048960909895
2023-03-26,1.985613373994461
2023-03-27,1.9546159339384293
2023-03-28,1.9593300340323427
2023-03-29,1.9981834333450337
2023-03-30,1.987013834603701
2023-03-31,2.0027602494921553
2023-04-01,2.0003890130707536
2023-04-02,1.9929088412257787
2023-04-03,1.9782955670753832
2023-04-04,1.9918011529500212
2023-04-05,1.992152358654728
2023-04-06,1.9873911013081482
2023-04-07,1.9831645004118528
2023-04-08,1.9839496843515114
2023-04-09,1.997640376880419
2023-04-10,2.0431740236378086
2023-04-11,2.062613513202141
2023-04-12,2.0594331453860075
2023-04-13,2.068023279154289
2023-04-14,2.0708690771163063
2023-04-15,2.0653693399487842
2023-04-16,2.065265746826398
2023-04-17,2.0361370235495784
2023-04-18,2.0679734845473945
2023-04-19,2.014773947918721
2023-04-20,1.994562821299441
2023-04-21,1.959651944027728
2023-04-22,1.9792767005841263
2023-04-23,1.971114959356747
2023-04-24,1.9687184107971767
2023-04-25,1.9967416185711304
2023-04-26,2.00079954443971
2023-04-27,2.037112677302005
2023-04-28,2.0325720744122524
2023-04-29,2.029439271184369
2023-04-30,2.0301337106733666
2023-05-01,1.989080854462351
2023-05-02,2.0098301247534724
2023-05-03,2.0211247255785008
2023-05-04,2.0156420277531257
2023-05-05,2.039166551388478
2023-05-06,2.0176129308793307
2023-05-07,2.001934518559338
2023-05-08,1.9748370382467488
2023-05-09,1.9735544331331027
2023-05-10,1.9722150995215486
2023-05-11,1.9494774716487449
2023-05-12,1.9421994544928207
2023-05-13,1.9414189926905632
2023-05-14,1.9468760040765094
2023-05-15,1.9565596922562332
2023-05-16,1.9508047489495421
2023-05-17,1.964110698148012
2023-05-18,1.9432143752095197
2023-05-19,1.9453706456396898
2023-05-20,1.9542362459251237
2023-05-21,1.940288879110586
2023-05-22,1.9439247746817294
2023-05-23,1.9577737373251551
2023-05-24,1.9245033371372582
2023-05-25,1.9298578633423968
2023-05-26,1.938997196004454
2023-05-27,1.9445605263493029
2023-05-28,1.9888700261029033
2023-05-29,1.9766989139955697
2023-05-30,1.9751286145735367
2023-05-31,1.9575508218502709
2023-06-01,1.9427582398590832
2023-06-02,1.9586498509248802
2023-06-03,1.9522269354904598
2023-06-04,1.9538484194657606
2023-06-05,1.9024380737668682
2023-06-06,1.9582531923292041
2023-06-07,1.924927768208395
2023-06-08,1.9310661342721005
2023-06-09,1.9300152741343606
2023-06-10,1.905969959456888
2023-06-11,1.9094040356812325
2023-06-12,1.907950870678178
2023-06-13,1.908577197634152
2023-06-14,1.877461843601532
2023-06-15,1.8952812190116486
2023-06-16,1.9242239922770192
2023-06-17,1.9311588930702257
2023-06-18,1.9245562896319122
2023-06-19,1.9439155368336536
2023-06-20,1.9974440321187945
2023-06-21,2.0557182453256146
2023-06-22,2.05188052174592
2023-06-23,2.077726427514074
2023-06-24,2.0729333596115804
2023-06-25,2.070690698889152
2023-06-26,2.063805862950975
2023-06-27,2.0774884263662177
2023-06-28,2.0576795084531803
2023-06-29,2.0695447059909107
2023-06-30,2.070591949270076
2023-07-01,2.0742870936331546
2023-07-02,2.0752899031022984
2023-07-03,2.0926323294202582
2023-07-04,2.0803979503698145
2023-07-05,2.071802416848522
2023-07-06,2.0517821172085746
2023-07-07,2.0661530271888733
2023-07-08,2.064512892643167
2023-07-09,2.060500347855827
2023-07-10,2.0685298866609934
2023-07-11,2.075295835026578
2023-07-12,2.067779165487611
2023-07-13,2.102838283487076
2023-07-14,2.065882830717314
2023-07-15,2.064620689773456
2023-07-16,2.063078898244969
2023-07-17,2.059659932950856
2023-07-18,2.050016046455946
2023-07-19,2.0519354334062285
2023-07-20,2.047851807098583
2023-07-21,2.0517622653517495
2023-07-22,2.0471731101326185
2023-07-23,2.0576227689160103
2023-07-24,2.026989230751152
2023-07-25,2.028717686231392
2023-07-26,2.033073339564856
2023-07-27,2.028146100980562
2023-07-28,2.0318555451850973
2023-07-29,2.033139605954169
2023-07-30,2.0303558321667303
2023-07-31,2.028810769344288
2023-08-01,2.043941003170376
2023-08-02,2.0261334956534665
2023-08-03,2.0270496764326413
2023-08-04,2.0234588428863454
2023-08-05,2.0223588109964243
2023-08-06,2.0223494630018948
2023-08-07,2.027114736804272
2023-08-08,2.0469611237833245
2023-08-09,2.0400840223662637
2023-08-10,2.035612073376935
2023-08-11,2.0345283264551295
2023-08-12,2.035148930392264
2023-08-13,2.0306155896678213
2023-08-14,2.034893203742538
2023-08-15,2.0267640836237835
2023-08-16,2.0105704987850803
2023-08-17,1.9369463786890169
2023-08-18,1.9136121300352062
2023-08-19,1.9154012859859968
2023-08-20,1.9189731554061034
2023-08-21,1.9164711965414973
2023-08-22,1.9129247270222454
2023-08-23,1.9281731825714061
2023-08-24,1.9179336168102807
2023-08-25,1.9135396243733407
2023-08-26,1.9120333623868948
2023-08-27,1.9151517274278884
2023-08-28,1.9157823152530096
2023-08-29,1.9760322078238612
2023-08-30,1.9603979184525375
2023-08-31,1.9090687730029483
2023-09-01,1.9040139587022757
2023-09-02,1.906648945580752
2023-09-03,1.9105367111224396
2023-09-04,1.904466998618405
2023-09-05,1.9032096971939758
2023-09-06,1.9021716833923819
2023-09-07,1.920903788894332
2023-09-08,1.9080726390338238
2023-09-09,1.9076874534707446
2023-09-10,1.905234185565888
2023-09-11,1.8789723044984061
2023-09-12,1.9052774324513244
2023-09-13,1.9204512854100102
2023-09-14,1.9322521205409817
2023-09-15,1.9348493619503007
2023-09-16,1.9333294515961814
2023-09-17,1.9320453774095316
2023-09-18,1.9403058887992835
2023-09-19,1.9572369914617163
2023-09-20,1.954325512562324
2023-09-21,1.9333050448456266
2023-09-22,1.9337541953864825
2023-09-23,1.9337475084844655
2023-09-24,1.9215373814091503
2023-09-25,1.923122542195367
2023-09-26,1.9200289725998427
2023-09-27,1.9251827554526315
2023-09-28,1.9502459616875925
2023-09-29,1.9461732871172934
2023-09-30,1.9482592452379794
2023-10-01,1.9852353660943614
2023-10-02,1.9689162203058466
2023-10-03,1.9652479032399022
2023-10-04,1.9786256225423848
2023-10-05,1.9647349602865418
2023-10-06,1.9839068440746974
2023-10-07,1.9847024092948793
2023-10-08,1.9834949806118178
2023-10-09,1.9708355928838905
2023-10-10,1.9638265868712992
2023-10-11,1.9447453660290286
2023-10-12,1.94039998438185
2023-10-13,1.9443379901650815
2023-10-14,1.9443131235233526
2023-10-15,1.9553438838392232
2023-10-16,2.0041982811439887
2023-10-17,2.0005548817112135
2023-10-18,1.9974741619615273
2023-10-19,2.0111983931229993
2023-10-20,2.0441841621055516
2023-10-21,2.05208546202163
2023-10-22,2.0546052919768645
2023-10-23,2.152728697506026
2023-10-24,2.1770714492938
2023-10-25,2.1946524504189266
2023-10-26,2.1845686319849946
2023-10-27,2.177315462728423
2023-10-28,2.1826029776898217
2023-10-29,2.19568545990796
2023-10-30,2.1946392041314393
2023-10-31,2.199422142933132
2023-11-01,2.2213750185538217
2023-11-02,2.2071933755156827
2023-11-03,2.201282168560537
2023-11-04,2.211305127254221
2023-11-05,2.2103686059372265
2023-11-06,2.2100266189247186
2023-11-07,2.221553024228319
2023-11-08,2.2275085495217937
2023-11-09,2.2562007893462592
2023-11-10,2.2729791353965947
2023-11-11,2.268253453078186
2023-11-12,2.2660017104861048
2023-11-13,2.2509881734310753
2023-11-14,2.224203815591281
2023-11-15,2.288050014867558
2023-11-16,2.241420258676893
2023-11-17,2.2535690056435733
2023-11-18,2.2532689206279084
2023-11-19,2.274922312019413
2023-11-20,2.2773376464744075
2023-11-21,2.2319450245524592
2023-11-22,2.276146414020296
2023-11-23,2.272326414604862
2023-11-24,2.283809295528494
2023-11-25,2.2858356384640945
2023-11-26,2.2773953886230025
2023-11-27,2.271375211879082
2023-11-28,2.2867425254903146
2023-11-29,2.2874667005188094
2023-11-30,2.2836095115203374
2023-12-01,2.3091602416349666
2023-12-02,2.3293126847736865
2023-12-03,2.3419504552941763
2023-12-04,2.3908070221807396
2023-12-05,2.4396322567404702
2023-12-06,2.4320217410370706
2023-12-07,2.4215945810000843
2023-12-08,2.4415802642348847
2023-12-09,2.4315539150501575
2023-12-10,2.432781603316579
2023-12-11,2.3731129566197424
2023-12-12,2.3781046347840338
2023-12-13,2.412267384355072
2023-12-14,2.4153688455142746
2023-12-15,2.3896071667046908
2023-12-16,2.396981795253849
2023-12-17,2.376038372845377
2023-12-18,2.406018042357166
2023-12-19,2.397701471638552
2023-12-20,2.4298662088833023
2023-12-21,2.434822774523351
2023-12-22,2.437753340310545
2023-12-23,2.431863947911568
2023-12-24,2.4151862453150876
2023-12-25,2.4289698769620607
2023-12-26,2.4035953974222295
2023-12-27,2.425057788626569
2023-12-28,2.4061193053635357
2023-12-29,2.393644926011527
2023-12-30,2.3950098092482097
2023-12-31,2.3975751382002652
2024-01-01,2.4415968030375907
2024-01-02,2.4593394070511962
2024-01-03,2.4112744534724406
2024-01-04,2.4418818111907274
2024-01-05,2.441491728345575
2024-01-06,2.437555424218065
2024-01-07,2.436506943417289
2024-01-08,2.503131209773162
2024-01-09,2.4852857926667244
2024-01-10,2.495807825418673
2024-01-11,2.4902335842711505
2024-01-12,2.411390955438156
2024-01-13,2.4111392467739705
2024-01-14,2.3864184714186116
2024-01-15,2.403397035465032
2024-01-16,2.418408399970838
2024-01-17,2.408808687144976
2024-01-18,2.373554781140596
2024-01-19,2.3821539088786707
2024-01-20,2.383286892332217
2024-01-21,2.38040745740766
2024-01-22,2.330098547126404
2024-01-23,2.3386221313843265
2024-01-24,2.3444158371123134
2024-01-25,2.3408346798228195
2024-01-26,2.3869112543176367
2024-01-27,2.3941353671730337
2024-01-28,2.392128111155726
2024-01-29,2.4214925268926404
2024-01-30,2.413708781902704
2024-01-31,2.405057229093657
2024-02-01,2.4165721193878973
2024-02-02,2.419124493918142
2024-02-03,2.414631248425991
2024-02-04,2.4050801621972457
2024-02-05,2.4068418697288934
2024-02-06,2.4167786744375928
2024-02-07,2.445007320647873
2024-02-08,2.466952991929988
2024-02-09,2.5068859873384
2024-02-10,2.5200359480334633
2024-02-11,2.530917012292047
2024-02-12,2.5647984908236996
2024-02-13,2.5604699020635824
2024-02-14,2.6015167515739908
2024-02-15,2.6036727608030983
2024-02-16,2.6079311934128597
2024-02-17,2.598353163915073
2024-02-18,2.6072089981957856
2024-02-19,2.6005988345017403
2024-02-20,2.6103185138390597
2024-02-21,2.6017576095238297
2024-02-22,2.5913990618838145
2024-02-23,2.580167255768302
2024-02-24,2.5965728498985197
2024-02-25,2.599711863266757
2024-02-26,2.652223050923702
2024-02-27,2.6981592673641757
2024-02-28,2.7888545603412176
2024-02-29,2.7677321460711983
2024-03-01,2.7878276118596226
2024-03-02,2.781227064547531
2024-03-03,2.7993992692065444
2024-03-04,2.8779663500555515
2024-03-05,2.8093833682406313
2024-03-06,2.844883068441497
2024-03-07,2.8571912084940134
2024-03-08,2.8775225207310005
2024-03-09,2.88042881736302
2024-03-10,2.888004643020226
2024-03-11,2.931996941602973
2024-03-12,2.923047105553625
2024-03-13,2.9452140046177
2024-03-14,2.9218615431593182
2024-03-15,2.893552619867318
2024-03-16,2.832834894661021
2024-03-17,2.87884713536563
2024-03-18,2.8664586278112623
2024-03-19,2.7793378959542547
2024-03-20,2.8718487489230284
2024-03-21,2.8355300746968144
2024-03-22,2.8090316280446554
2024-03-23,2.813465916710056
2024-03-24,2.861793009860735
2024-03-25,2.9015180575556148
2024-03-26,2.901932836162178
2024-03-27,2.8942953916192273
2024-03-28,2.9126925815911076
2024-03-29,2.900574423578904
2024-03-30,2.8970266665302216
2024-03-31,2.9209795252265245
2024-04-01,2.8978425228932654
2024-04-02,2.8348516185233805
2024-04-03,2.8429753615967
2024-04-04,2.880574224308562
2024-04-05,2.8707285938902736
2024-04-06,2.8862110902528375
2024-04-07,2.892958545616464
2024-04-08,2.9251443397134853
2024-04-09,2.889730578509697
2024-04-10,2.910469879752233
2024-04-11,2.902972097167721
2024-04-12,2.8612231269862853
2024-04-13,2.8097010772710505
2024-04-14,2.83929957876601
2024-04-15,2.8034885792695015
2024-04-16,2.809550499446731
2024-04-17,2.7690109140967856
2024-04-18,2.804852116182932
2024-04-19,2.8100472590598446
2024-04-20,2.8279131309463494
2024-04-21,2.8268694684697824
2024-04-22,2.8558783702290587
2024-04-23,2.8494179717391432
2024-04-24,2.8168116704228723
2024-04-25,2.819992953192063
2024-04-26,2.8086640179730473
2024-04-27,2.803377100016691
2024-04-28,2.798541803726536
2024-04-29,2.810008895514093
2024-04-30,2.758514265797551
2024-05-01,2.7184243423168937
2024-05-02,2.7332387348665907
2024-05-03,2.7949959413648386
2024-05-04,2.810797285753887
2024-05-05,2.8129807968108516
2024-05-06,2.7993134320471285
2024-05-07,2.7861315020514805
2024-05-08,2.7675615157929876
2024-05-09,2.797538824397167
2024-05-10,2.7610823697616773
2024-05-11,2.761097726628435
2024-05-12,2.771809090781229
2024-05-13,2.7951805850191054
2024-05-14,2.773506546907525
2024-05-15,2.8473108445690247
2024-05-16,2.8315551201718723
2024-05-17,2.85907795507692
2024-05-18,2.8574200982716285
2024-05-19,2.8474749387184097
2024-05-20,2.9225840275437083
2024-05-21,2.9040551703614135
2024-05-22,2.8894893008512277
2024-05-23,2.8720827042634696
2024-05-24,2.880826098931518
2024-05-25,2.8915647573169476
2024-05-26,2.8807092342589087
2024-05-27,2.893419783252668
2024-05-28,2.877465784206711
2024-05-29,2.8668952551128637
2024-05-30,2.878472265019136
2024-05-31,2.8656117722483287
2024-06-01,2.868800030353185
2024-06-02,2.869459480313708
2024-06-03,2.884884618971837
2024-06-04,2.910184844220762
2024-06-05,2.9174570620373643
2024-06-06,2.912865171765347
2024-06-07,2.8926706146854553
2024-06-08,2.892139595046551
2024-06-09,2.897065254173139
2024-06-10,2.8951148271271165
2024-06-11,2.8632474522092366
2024-06-12,2.8766596863835368
2024-06-13,2.8546615309623764
2024-06-14,2.843434196556988
2024-06-15,2.8461558835734735
2024-06-16,2.852902076694674
2024-06-17,2.8506674068959406
2024-06-18,2.8301616350127876
2024-06-19,2.8273876474974617
2024-06-20,2.825359113219749
2024-06-21,2.813996449143758
2024-06-22,2.8164332309638365
2024-06-23,2.799611789601835
2024-06-24,2.7525688556084233
2024-06-25,2.777589834198281
2024-06-26,2.7613866359342207
2024-06-27,2.7743511837976786
2024-06-28,2.753277371789066
2024-06-29,2.7626372918537587
2024-06-30,2.791626564585483
2024-07-01,2.7943938271123887
2024-07-02,2.781213651056097
2024-07-03,2.75085044854948
2024-07-04,2.6962713995951315
2024-07-05,2.6907217917543793
2024-07-06,2.719274177379468
2024-07-07,2.6762649601901476
2024-07-08,2.6914754939808017
2024-07-09,2.714213458092951
2024-07-10,2.709604784723105
2024-07-11,2.7026955387448357
2024-07-12,2.7123195233029396
2024-07-13,2.7350725265455225
2024-07-14,2.7610003768085267
2024-07-15,2.8259989972035076
2024-07-16,2.8294921269861817
2024-07-17,2.8143488845313573
2024-07-18,2.8120891703710047
2024-07-19,2.8539685904806404
2024-07-20,2.8607435368289718
2024-07-21,2.8753889121991154
2024-07-22,2.867001145509004
2024-07-23,2.8421696419627196
2024-07-24,2.8337074454051425
2024-07-25,2.8398850590850877
2024-07-26,2.871825051278286
2024-07-27,2.8703702523821466
2024-07-28,2.8768747780218185
2024-07-29,2.855612532357732
2024-07-30,2.846307186127058
2024-07-31,2.822123735549571
2024-08-01,2.833483581660614
2024-08-02,2.7712665677957435
2024-08-03,2.759227081003658
2024-08-04,2.716069198279449
2024-08-05,2.6424372124582476
2024-08-06,2.6795756775573647
2024-08-07,2.6614437319359414
2024-08-08,2.7760595893688986
2024-08-09,2.7625179558162323
2024-08-10,2.7635965312458506
2024-08-11,2.726382984722413
2024-08-12,2.737139584363021
2024-08-13,2.7580641236401373
2024-08-14,2.726685822248472
2024-08-15,2.706440960151337
2024-08-16,2.7293523902526786
2024-08-17,2.7392342308899416
2024-08-18,2.7223639929634693
2024-08-19,2.739477656519476
2024-08-20,2.731365631914718
2024-08-21,2.7673531196894707
2024-08-22,2.754301005583926
2024-08-23,2.8139676833738516
2024-08-24,2.8152873141869375
2024-08-25,2.8176925403474797
2024-08-26,2.794850028268346
2024-08-27,2.7396571507074388
2024-08-28,2.7316169361981704
2024-08-29,2.73770659294091
2024-08-30,2.7331718043208824
2024-08-31,2.730638499271299
2024-09-01,2.7023567280135783
2024-09-02,2.7330534590962277
2024-09-03,2.704196016859523
2024-09-04,2.7135635658263606
2024-09-05,2.681824835680869
2024-09-06,2.6416459757753294
2024-09-07,2.645178893631499
2024-09-08,2.6580597990272015
2024-09-09,2.6970053126926476
2024-09-10,2.7079792678520427
2024-09-11,2.7026651574286618
2024-09-12,2.716241855058062
2024-09-13,2.7574325779653126
2024-09-14,2.7480412916767705
2024-09-15,2.734242947897352
2024-09-16,2.7173679962411708
2024-09-17,2.7530850849018798
2024-09-18,2.775079415470273
2024-09-19,2.79580053452419
2024-09-20,2.799804546171595
2024-09-21,2.8029938491880735
2024-09-22,2.8069904539761037
2024-09-23,2.8019673863330237
2024-09-24,2.8172016305052097
2024-09-25,2.799015665946321
2024-09-26,2.8307796966019456
2024-09-27,2.8400893262506237
2024-09-28,2.841562376606385
2024-09-29,2.837725113928771
2024-09-30,2.801962636879203
2024-10-01,2.7618096664619536
2024-10-02,2.758447137496015
2024-10-03,2.7605332228697907
2024-10-04,2.7818335064291784
2024-10-05,2.7821955090456783
2024-10-06,2.7938682108291957
2024-10-07,2.784555599236125
2024-10-08,2.7828720326985046
2024-10-09,2.757610877230041
2024-10-10,2.7525205102540884
2024-10-11,2.7878989896145345
2024-10-12,2.7998052879467927
2024-10-13,2.794384193817434
2024-10-14,2.8439647431057242
2024-10-15,2.8589173855277625
2024-10-16,2.867407494075213
2024-10-17,2.864253965287986
2024-10-18,2.8792588623376503
2024-10-19,2.8784392386161226
2024-10-20,2.8877425687980622
2024-10-21,2.8637793058767596
2024-10-22,2.8636836278835816
2024-10-23,2.8497931896698834
2024-10-24,2.8754847376373363
2024-10-25,2.8529526041645408
2024-10-26,2.858523309897791
2024-10-27,2.8720787939553585
2024-10-28,2.900788009057914
2024-10-29,2.9402345996356765
2024-10-30,2.9349822362174898
2024-10-31,2.9051760153205652
2024-11-01,2.894685854083786
2024-11-02,2.891901491298256
2024-11-03,2.883958905188008
2024-11-04,2.8703432938257425
2024-11-05,2.892915406316673
2024-11-06,2.979584437585137
2024-11-07,2.9830920872726168
2024-11-08,2.9914964106119335
2024-11-09,2.9945408169932684
2024-11-10,3.041547862365112
2024-11-11,3.138888005490074
2024-11-12,3.1304459392209676
2024-11-13,3.1598907897087294
2024-11-14,3.122393867389917
2024-11-15,3.1651959856813434
2024-11-16,3.159607173437225
2024-11-17,3.151706822996907
2024-11-18,3.159432288402982
2024-11-19,3.179129831586634
2024-11-20,3.2005112765850665
2024-11-21,3.2437159139672787
2024-11-22,3.24870763606234
2024-11-23,3.236303633532547
2024-11-24,3.2387198738590257
2024-11-25,3.187310236565736
2024-11-26,3.1752403840314543
2024-11-27,3.2175691973364113
2024-11-28,3.2143328873332777
2024-11-29,3.233069050240486
2024-11-30,3.2226263197753884
2024-12-01,3.2312026313956785
2024-12-02,3.216555511597317
2024-12-03,3.217982115065878
2024-12-04,3.246390425937884
2024-12-05,3.224123560625662
2024-12-06,3.257988362393471
2024-12-07,3.258014632878295
2024-12-08,3.271065960698035
2024-12-09,3.232773457231822
2024-12-10,3.2249706636778335
2024-12-11,3.270443613248597
2024-12-12,3.2592114750989936
2024-12-13,3.2732686985712895
2024-12-14,3.2724178567778726
2024-12-15,3.3008702344744023
2024-12-16,3.317330801917432
2024-12-17,3.3183760265504674
2024-12-18,3.259196871896698
2024-12-19,3.2333709667715542
2024-12-20,3.236085240324739
2024-12-21,3.230636449152618
2024-12-22,3.2085922687706034
2024-12-23,3.204180093321483
2024-12-24,3.2454540873897617
2024-12-25,3.2517488489524986
2024-12-26,3.215827255655695
2024-12-27,3.19865845079074
2024-12-28,3.2092123616976522
2024-12-29,3.1918960443290505
2024-12-30,3.1823670551373215
2024-12-31,3.1908153451901935
2025-01-01,3.2013617316471397
2025-01-02,3.2271554423406865
2025-01-03,3.2396744810941787
2025-01-04,3.240986434797536
2025-01-05,3.2417875938260092
2025-01-06,3.2793494503428278
2025-01-07,3.2275251673641314
2025-01-08,3.207946309667566
2025-01-09,3.1806474604885313
2025-01-10,3.2043407261176906
2025-01-11,3.2029156636198266
2025-01-12,3.202088854050828
2025-01-13,3.202386051939893
2025-01-14,3.223507145011453
2025-01-15,3.26381380641768
2025-01-16,3.2563476704966803
2025-01-17,3.3024351243836385
2025-01-18,3.3019183558391827
2025-01-19,3.2696187265619354
2025-01-20,3.2787475546365012
2025-01-21,3.3184293888952645
2025-01-22,3.294660841902223
2025-01-23,3.2976192445864374
2025-01-24,3.305851055749219
2025-01-25,3.3048503982922153
2025-01-26,3.285253084728291
2025-01-27,3.2794435068768433
2025-01-28,3.2720183392614466
2025-01-29,3.295144460007977
2025-01-30,3.3050476411157046
2025-01-31,3.2825471499433956
2025-02-01,3.2653192129715674
2025-02-02,3.2354001047650183
2025-02-03,3.2727379414296642
2025-02-04,3.237270048089046
2025-02-05,3.224349999335292
2025-02-06,3.2241207298172956
2025-02-07,3.223455753143634
2025-02-08,3.2229725404441876
2025-02-09,3.223155361381467
2025-02-10,3.232823089609461
2025-02-11,3.2153251652400776
2025-02-12,3.2374134811594253
2025-02-13,3.224437164569906
2025-02-14,3.2335557424871357
2025-02-15,3.234287538728685
2025-02-16,3.219781155101229
2025-02-17,3.2155961867005676
2025-02-18,3.2131516467070824
2025-02-19,3.2245586818970065
2025-02-20,3.2419805932550396
2025-02-21,3.2192664985507946
2025-02-22,3.22395984585299
2025-02-23,3.2208088627826488
2025-02-24,3.169055657246158
2025-02-25,3.13927898789116
2025-02-26,3.0885509016701906
2025-02-27,3.0927768823311403
2025-02-28,3.088858919337243
2025-03-01,3.1083297026996597
2025-03-02,3.199544717656524
2025-03-03,3.1087220128270676
2025-03-04,3.1220702134614413
2025-03-05,3.1603256325144766
2025-03-06,3.152995700999151
2025-03-07,3.1165573227298413
2025-03-08,3.10975466577972
2025-03-09,3.0431229225581866
2025-03-10,3.01711756657091
2025-03-11,3.0707905006360345
2025-03-12,3.08111746045185
2025-03-13,3.0488836926909393
2025-03-14,3.0840602741668626
2025-03-15,3.0885044963181354
2025-03-16,3.0673751177759403
2025-03-17,3.0853288163500245
2025-03-18,3.069054658667831
2025-03-19,3.1178425381208914
2025-03-20,3.086416622502581
2025-03-21,3.0849428358662916
2025-03-22,3.082431955615254
2025-03-23,3.108590745432929
2025-03-24,3.125237764106677
2025-03-25,3.124926729738087
2025-03-26,3.118379572701217
2025-03-27,3.1215530812044534
2025-03-28,3.088623515704125
2025-03-29,3.067591835695998
2025-03-30,3.0644018840962843
2025-03-31,3.0670023969079008
2025-04-01,3.0982509174394686
2025-04-02,3.0662364591164835
2025-04-03,3.0736901156085246
2025-04-04,3.082566981415031
2025-04-05,3.078515459345958
2025-04-06,3.0130662341208616
2025-04-07,3.02603374168166
2025-04-08,2.9879166654199114
2025-04-09,3.0673056748622916
2025-04-10,3.0309538202848874
2025-04-11,3.0773176740801613
2025-04-12,3.0996347035687286
2025-04-13,3.080670851431858
2025-04-14,3.0908644543073027
2025-04-15,3.080479826681527
2025-04-16,3.0848312799257513
2025-04-17,3.0950354147059063
2025-04-18,3.0897805533100193
2025-04-19,3.097008407663523
2025-04-20,3.0983111817079347
2025-04-21,3.1254662229864785
2025-04-22,3.190951133981974
2025-04-23,3.19370006566424
2025-04-24,3.1963080794024794
2025-04-25,3.204541831372387
2025-04-26,3.2037648200740563
2025-04-27,3.1942947117169176
2025-04-28,3.2072645639033777
2025-04-29,3.1999312544779333
2025-04-30,3.199109187492411
2025-05-01,3.223074966388598
2025-05-02,3.227394819824923
2025-05-03,3.2168318214440212
2025-05-04,3.2002619795434537
2025-05-05,3.2048326942835406
2025-05-06,3.2262839598130135
2025-05-07,3.2286555036372366
2025-05-08,3.290681907170983
2025-05-09,3.288057335174697
2025-05-10,3.304675428356566
2025-05-11,3.2990244443864896
2025-05-12,3.28652272977922
2025-05-13,3.299633761586744
2025-05-14,3.2935637339473374
2025-05-15,3.295543882684459
2025-05-16,3.293079501565808
2025-05-17,3.290193854276586
2025-05-18,3.3212492692349933
2025-05-19,3.313328270862346
2025-05-20,3.3244858395724233
2025-05-21,3.3511608940692987
2025-05-22,3.369188858011663
2025-05-23,3.329126295672669
2025-05-24,3.333806998146745
2025-05-25,3.3452838956979303
2025-05-26,3.34899119055196
2025-05-27,3.3449100939767558
2025-05-28,3.3339106364829636
2025-05-29,3.3136651084737085
2025-05-30,3.2979885335860963
2025-05-31,3.3041190518564125
2025-06-01,3.3137630171402357
2025-06-02,3.315932220915668
2025-06-03,3.3116820228597383
2025-06-04,3.3050159386717084
2025-06-05,3.27441820682467
2025-06-06,3.3017485598891305
2025-06-07,3.313417705876125
2025-06-08,3.3151018654844915
2025-06-09,3.3567618300493596
2025-06-10,3.3564275116224334
2025-06-11,3.3420801230127086
2025-06-12,3.316380956167375
2025-06-13,3.317908303361767
2025-06-14,3.3120607481071023
2025-06-15,3.312815326061852
2025-06-16,3.324538950038841
2025-06-17,3.3037656136770277
2025-06-18,3.306459953180889
2025-06-19,3.304560431441617
2025-06-20,3.291341701670678
2025-06-21,3.2811046065970295
2025-06-22,3.2686045697251647
2025-06-23,3.313059251841242
2025-06-24,3.3174808812398293
2025-06-25,3.3298107705283826
2025-06-26,3.326066314328095
2025-06-27,3.3272663203556956
2025-06-28,3.3294981816777334
2025-06-29,3.339306346480999
2025-06-30,3.327704238628794
2025-07-01,3.3142000136350642
2025-07-02,3.3436677908364203
2025-07-03,3.3508864026256635
2025-07-04,3.3360604834782954
2025-07-05,3.337880873601888
2025-07-06,3.347086085908858
2025-07-07,3.3385151649263776
2025-07-08,3.344502952674066
2025-07-09,3.366079197948949
2025-07-10,3.407091248667376
2025-07-11,3.4201943190246737
2025-07-12,3.4194982998192724
2025-07-13,3.433710173572157
2025-07-14,3.439849865357081
2025-07-15,3.4224059794992883
2025-07-16,3.4305350434502397
2025-07-17,3.4351675749942245
2025-07-18,3.4243233493762393
2025-07-19,3.423787203382819
2025-07-20,3.418352864046744
2025-07-21,3.419535021516378
2025-07-22,3.4410649074403654
2025-07-23,3.4306735998923426
2025-07-24,3.427409797184451
2025-07-25,3.4212054964141085
2025-07-26,3.423849865710393
2025-07-27,3.4364966322671595
2025-07-28,3.423655771962636
2025-07-29,3.4236360292590895
2025-07-30,3.4228643672874615
2025-07-31,3.4051149413200914
2025-08-01,3.383827814857714
2025-08-02,3.3768038106775986
2025-08-03,3.3917174117495232
2025-08-04,3.399168382558848
2025-08-05,3.391049809192026
2025-08-06,3.3987869585225052
2025-08-07,3.4200233184936373
2025-08-08,3.4131213142969035
2025-08-09,3.411505739299354
2025-08-10,3.4353093545704425
2025-08-11,3.430475562240856
2025-08-12,3.4425429726538166
2025-08-13,3.4685890879641192
2025-08-14,3.4273386447224503
2025-08-15,3.4191842476245444
2025-08-16,3.4199761086863294
2025-08-17,3.4196501672248854
2025-08-18,3.4093743182771394
2025-08-19,3.3795040980719193
2025-08-20,3.3922169496787884
2025-08-21,3.3758446218322824
2025-08-22,3.4147085482570603
2025-08-23,3.4017932509385176
2025-08-24,3.3850478931070143
2025-08-25,3.355221577578183
2025-08-26,3.370346700917711
2025-08-27,3.3651401474484413
2025-08-28,3.3769627877817587
2025-08-29,3.3395394280670967
2025-08-30,3.3431968888717307
2025-08-31,3.337931978178972
2025-09-01,3.3472556502779476
2025-09-02,3.3649470325591295
2025-09-03,3.369635863135535
2025-09-04,3.360648401437766
2025-09-05,3.3599923442865176
2025-09-06,3.356132348542337
2025-09-07,3.364650508597716
2025-09-08,3.3727478146107543
2025-09-09,3.3679098979180537
2025-09-10,3.3894181688098755
2025-09-11,3.4029471826344473
2025-09-12,3.4080768629537967
2025-09-13,3.4067748248080747
2025-09-14,3.4020820787282773
2025-09-15,3.4024045248381025
2025-09-16,3.4144441395787837
2025-09-17,3.4112322987913313
2025-09-18,3.416957305566454
2025-09-19,3.404515722204275
2025-09-20,3.4048018070354082
2025-09-21,3.4012016586704306
2025-09-22,3.378771125350683
2025-09-23,3.3722397087354388
2025-09-24,3.3839032344325624
2025-09-25,3.345411354788947
2025-09-26,3.3514776802195048
2025-09-27,3.3511961528866507
2025-09-28,3.3732046593285396
2025-09-29,3.3933158067376183
2025-09-30,3.390301690853379
2025-10-01,3.4297803436211733
2025-10-02,3.4467642184797693
2025-10-03,3.4598147256961944
2025-10-04,3.4611134889185493
2025-10-05,3.469961653612634
2025-10-06,3.479943406541347
2025-10-07,3.4531254227761483
2025-10-08,3.4686766820815365
2025-10-09,3.4552162797144863
2025-10-10,3.3828944578674953
2025-10-11,3.361409297834088
2025-10-12,3.4000186441779867
2025-10-13,3.4008979371442756
2025-10-14,3.382048773698683
2025-10-15,3.361186195407784
2025-10-16,3.337463710624604
2025-10-17,3.321453870819255
2025-10-18,3.328291451168962
2025-10-19,3.341896881633229
2025-10-20,3.359431372371569
2025-10-21,3.3401485421980723
2025-10-22,3.3328549799272533
2025-10-23,3.354725424352031
2025-10-24,3.3634471386372944
2025-10-25,3.3689062555299127
2025-10-26,3.3939455232747164
2025-10-27,3.390856020419333
2025-10-28,3.380611196332522
2025-10-29,3.3545943908667546
2025-10-30,3.3385677519121355
2025-10-31,3.3500487131084213
2025-11-01,3.354673538280913
2025-11-02,3.359889679514234
2025-11-03,3.322202496613224
2025-11-04,3.274561639075616
2025-11-05,3.2969617003973646
2025-11-06,3.2717105179055146
2025-11-07,3.2919494438742483
2025-11-08,3.2813462316600486
2025-11-09,3.3048980713597285
2025-11-10,3.3170183406961904
2025-11-11,3.288315794219349
2025-11-12,3.2752766475766713
2025-11-13,3.2557519046000856
2025-11-14,3.201129033463495
2025-11-15,3.2132521399622416
2025-11-16,3.198788201500319
2025-11-17,3.176419818783975
2025-11-18,3.185660992347282
2025-11-19,3.169578614647472
2025-11-20,3.1152794715158603
2025-11-21,3.097328981043571
2025-11-22,3.092117108649891
2025-11-23,3.1172756952288907
2025-11-24,3.13401805303973
2025-11-25,3.1234415760829766
2025-11-26,3.159164163996312
2025-11-27,3.1676019701048084
2025-11-28,3.1635833033303875
2025-11-29,3.1628405247034426
2025-11-30,3.157792732130309
2025-12-01,3.111690894076233
2025-12-02,3.168311887946537
2025-12-03,3.191870149958369
2025-12-04,3.1769381770924365
2025-12-05,3.1465951171167603
2025-12-06,3.145303471054204
2025-12-07,3.157918043280219
2025-12-08,3.1605092392600316
2025-12-09,3.1828904319582296
2025-12-10,3.1756275991115945
2025-12-11,3.1809425692197415
2025-12-12,3.1564211477675954
2025-12-13,3.1567345665232285
2025-12-14,3.1329368955053116
2025-12-15,3.1128279807922237
2025-12-16,3.1291737177273014
2025-12-17,3.1096288846864475
2025-12-18,3.1016891561886784
2025-12-19,3.1321223111570866
2025-12-20,3.134849666279237
2025-12-21,3.1379886943461646
2025-12-22,3.136501109387275
2025-12-23,3.124266834434321
2025-12-24,3.1265289105383847
2025-12-25,3.1222140526827573
2025-12-26,3.1229782209640806
2025-12-27,3.1286974405299564
2025-12-28,3.1290809530888666
2025-12-29,3.121106064206286
2025-12-30,3.1358241620150764
2025-12-31,3.125351062665777
